Order_ID,Customer_Name,Order_Date,Region,Category,Product,Quantity,Unit_Price,Payment_Method,Total_Sales
ORD0001,Customer 1,2025-03-13,North,Electronics,Laptop,5,15297.6,Net Banking,76488.0
ORD0002,Customer 2,2025-02-17,South,Electronics,Monitor,7,2681.53,Credit Card,18770.71
ORD0003,Customer 3,2025-11-29,West,Books,Notebook,1,1446.99,Credit Card,1446.99
ORD0004,Customer 4,2025-01-04,South,Grocery,Cereal,5,2437.82,Cash,12189.1
ORD0005,Customer 5,2025-06-22,North,Furniture,Sofa,3,7244.1,UPI,21732.3
ORD0006,Customer 6,2025-11-06,East,Grocery,Rice,6,2550.11,UPI,15300.66
ORD0007,Customer 7,2025-07-13,North,Grocery,Cereal,2,2920.69,Net Banking,5841.38
ORD0008,Customer 8,2025-12-27,North,Furniture,Bookshelf,6,17743.21,UPI,106459.26
ORD0009,Customer 9,2025-02-21,West,Clothing,Jacket,2,6885.95,Debit Card,13771.9
ORD0010,Customer 10,2025-04-18,East,Grocery,Beverages,3,1142.03,UPI,3426.09
ORD0011,Customer 11,2025-03-25,West,Books,Textbook,9,1849.9,Cash,16649.1
ORD0012,Customer 12,2025-01-29,South,Furniture,Bookshelf,4,20853.81,UPI,83415.24
ORD0013,Customer 13,2025-10-18,East,Furniture,Desk,5,2919.47,Credit Card,14597.35
ORD0014,Customer 14,2025-03-13,South,Grocery,Oil,8,471.47,Net Banking,3771.76
ORD0015,Customer 15,2025-10-26,West,Books,Comics,10,1128.24,Debit Card,11282.4
ORD0016,Customer 16,2025-01-25,North,Clothing,Jeans,9,4100.07,Credit Card,36900.63
ORD0017,Customer 17,2025-07-15,West,Clothing,Shoes,10,789.16,Net Banking,7891.6
ORD0018,Customer 18,2025-02-28,East,Furniture,Bookshelf,1,20728.22,Debit Card,20728.22
ORD0019,Customer 19,2025-01-02,East,Electronics,Keyboard,7,10162.94,Net Banking,71140.58
ORD0020,Customer 20,2025-06-02,South,Clothing,Dress,2,7002.99,Credit Card,14005.98
ORD0021,Customer 21,2025-09-29,North,Furniture,Table,9,28651.49,Net Banking,257863.41
ORD0022,Customer 22,2025-07-05,East,Furniture,Desk,1,4244.16,Credit Card,4244.16
ORD0023,Customer 23,2025-02-13,West,Electronics,Smartphone,10,56859.41,UPI,568594.1
ORD0024,Customer 24,2025-10-09,South,Books,Textbook,3,1683.4,Debit Card,5050.2
ORD0025,Customer 25,2025-10-04,South,Books,Notebook,7,2414.47,Debit Card,16901.29
ORD0026,Customer 26,2025-08-20,North,Grocery,Beverages,8,2703.86,Credit Card,21630.88
ORD0027,Customer 27,2025-10-11,South,Clothing,T-Shirt,6,461.96,Net Banking,2771.76
ORD0028,Customer 28,2025-01-31,South,Clothing,T-Shirt,2,5750.38,UPI,11500.76
ORD0029,Customer 29,2025-05-23,West,Electronics,Keyboard,2,31238.04,Credit Card,62476.08
ORD0030,Customer 30,2025-05-05,West,Books,Textbook,10,1482.91,Cash,14829.1
ORD0031,Customer 31,2025-07-01,West,Clothing,T-Shirt,2,5374.17,Cash,10748.34
ORD0032,Customer 32,2025-06-23,North,Grocery,Rice,2,228.81,Credit Card,457.62
ORD0033,Customer 33,2025-08-05,South,Clothing,Jeans,9,3754.32,Debit Card,33788.88
ORD0034,Customer 34,2025-10-09,North,Grocery,Snacks,2,1357.24,UPI,2714.48
ORD0035,Customer 35,2025-05-02,South,Books,Novel,2,2323.28,Cash,4646.56
ORD0036,Customer 36,2025-01-31,South,Grocery,Oil,4,2600.72,Cash,10402.88
ORD0037,Customer 37,2025-08-21,East,Electronics,Headphones,5,55649.87,Cash,278249.35
ORD0038,Customer 38,2025-04-22,North,Books,Magazine,3,555.75,Net Banking,1667.25
ORD0039,Customer 39,2025-10-27,West,Books,Novel,6,237.2,Net Banking,1423.2
ORD0040,Customer 40,2025-02-11,South,Books,Textbook,1,2405.87,UPI,2405.87
ORD0041,Customer 41,2025-10-19,South,Books,Novel,4,1069.06,Net Banking,4276.24
ORD0042,Customer 42,2025-12-03,East,Books,Novel,10,296.76,Debit Card,2967.6
ORD0043,Customer 43,2025-03-09,East,Clothing,Jacket,4,2345.23,Cash,9380.92
ORD0044,Customer 44,2025-10-16,North,Furniture,Chair,1,14290.28,UPI,14290.28
ORD0045,Customer 45,2025-06-28,North,Books,Textbook,9,736.48,Credit Card,6628.32
ORD0046,Customer 46,2025-10-06,East,Furniture,Sofa,3,13707.35,Net Banking,41122.05
ORD0047,Customer 47,2025-12-06,North,Books,Novel,9,818.51,Credit Card,7366.59
ORD0048,Customer 48,2025-03-21,East,Furniture,Chair,2,22530.08,Debit Card,45060.16
ORD0049,Customer 49,2025-11-21,East,Books,Textbook,6,588.63,Net Banking,3531.78
ORD0050,Customer 50,2025-08-05,East,Grocery,Beverages,1,322.28,UPI,322.28
ORD0051,Customer 51,2025-05-15,South,Electronics,Keyboard,3,38517.11,Cash,115551.33
ORD0052,Customer 52,2025-02-08,South,Books,Magazine,9,123.21,Net Banking,1108.89
ORD0053,Customer 53,2025-08-09,South,Electronics,Keyboard,10,33509.49,UPI,335094.9
ORD0054,Customer 54,2025-04-18,South,Furniture,Sofa,1,27068.81,UPI,27068.81
ORD0055,Customer 55,2025-03-21,South,Furniture,Bookshelf,7,29241.27,Credit Card,204688.89
ORD0056,Customer 56,2025-06-20,West,Clothing,Shoes,1,1681.08,Credit Card,1681.08
ORD0057,Customer 57,2025-01-20,West,Furniture,Table,2,12093.71,Credit Card,24187.42
ORD0058,Customer 58,2025-04-27,South,Clothing,Shoes,6,2649.97,UPI,15899.82
ORD0059,Customer 59,2025-02-05,East,Clothing,Shoes,6,2445.24,Debit Card,14671.44
ORD0060,Customer 60,2025-01-15,North,Books,Magazine,9,894.76,Debit Card,8052.84
ORD0061,Customer 61,2025-11-02,West,Clothing,Dress,5,594.58,Debit Card,2972.9
ORD0062,Customer 62,2025-03-01,West,Furniture,Desk,10,29542.84,Net Banking,295428.4
ORD0063,Customer 63,2025-01-01,South,Clothing,Jacket,1,5757.65,Debit Card,5757.65
ORD0064,Customer 64,2025-12-06,North,Grocery,Rice,6,1888.31,Debit Card,11329.86
ORD0065,Customer 65,2025-12-23,East,Books,Comics,7,882.84,Net Banking,6179.88
ORD0066,Customer 66,2025-07-14,South,Clothing,Jeans,7,5419.96,Net Banking,37939.72
ORD0067,Customer 67,2025-01-01,East,Books,Comics,7,1415.05,Debit Card,9905.35
ORD0068,Customer 68,2025-06-14,West,Clothing,Shoes,10,4971.29,Cash,49712.9
ORD0069,Customer 69,2025-03-28,North,Grocery,Snacks,9,1445.9,Debit Card,13013.1
ORD0070,Customer 70,2025-05-01,East,Books,Notebook,6,324.13,Credit Card,1944.78
ORD0071,Customer 71,2025-09-01,North,Clothing,Jeans,1,655.85,Cash,655.85
ORD0072,Customer 72,2025-07-16,West,Grocery,Cereal,4,2169.12,Cash,8676.48
ORD0073,Customer 73,2025-02-24,West,Clothing,Jeans,1,7173.48,Credit Card,7173.48
ORD0074,Customer 74,2025-05-08,North,Clothing,Dress,8,686.68,Cash,5493.44
ORD0075,Customer 75,2025-11-01,East,Clothing,Shoes,9,7906.77,Cash,71160.93
ORD0076,Customer 76,2025-10-08,West,Books,Notebook,7,2093.37,Credit Card,14653.59
ORD0077,Customer 77,2025-11-23,East,Grocery,Oil,5,2267.74,Net Banking,11338.7
ORD0078,Customer 78,2025-05-27,South,Grocery,Snacks,5,1347.62,Debit Card,6738.1
ORD0079,Customer 79,2025-03-19,South,Furniture,Sofa,9,3336.75,Cash,30030.75
ORD0080,Customer 80,2025-06-19,West,Clothing,Jeans,2,3494.48,Cash,6988.96
ORD0081,Customer 81,2025-10-27,North,Electronics,Smartphone,7,23857.03,Net Banking,166999.21
ORD0082,Customer 82,2025-06-02,West,Grocery,Oil,1,2831.09,Cash,2831.09
ORD0083,Customer 83,2025-09-07,South,Books,Notebook,10,2254.75,Debit Card,22547.5
ORD0084,Customer 84,2025-12-09,West,Grocery,Oil,1,1197.13,Credit Card,1197.13
ORD0085,Customer 85,2025-07-21,North,Grocery,Snacks,10,1625.66,UPI,16256.6
ORD0086,Customer 86,2025-05-14,West,Grocery,Snacks,8,586.1,Debit Card,4688.8
ORD0087,Customer 87,2025-07-14,East,Clothing,Shoes,6,2898.75,Cash,17392.5
ORD0088,Customer 88,2025-10-04,North,Furniture,Chair,8,1562.12,Debit Card,12496.96
ORD0089,Customer 89,2025-05-07,South,Clothing,T-Shirt,1,6107.6,UPI,6107.6
ORD0090,Customer 90,2025-12-09,North,Books,Textbook,4,402.93,Net Banking,1611.72
ORD0091,Customer 91,2025-03-27,North,Clothing,Shoes,5,6205.12,Credit Card,31025.6
ORD0092,Customer 92,2025-06-09,West,Furniture,Chair,10,1744.67,Cash,17446.7
ORD0093,Customer 93,2025-11-18,South,Clothing,T-Shirt,10,5617.73,UPI,56177.3
ORD0094,Customer 94,2025-10-17,North,Furniture,Bookshelf,2,24090.59,Debit Card,48181.18
ORD0095,Customer 95,2025-11-28,East,Books,Magazine,6,265.5,UPI,1593.0
ORD0096,Customer 96,2025-07-05,West,Grocery,Oil,2,1328.89,Credit Card,2657.78
ORD0097,Customer 97,2025-05-19,West,Grocery,Snacks,9,2898.15,Cash,26083.35
ORD0098,Customer 98,2025-05-06,North,Grocery,Cereal,5,1000.8,Debit Card,5004.0
ORD0099,Customer 99,2025-12-09,West,Grocery,Snacks,8,1731.06,Debit Card,13848.48
ORD0100,Customer 100,2025-04-19,East,Electronics,Headphones,6,11564.92,Debit Card,69389.52
ORD0101,Customer 101,2025-05-22,North,Furniture,Sofa,10,21334.33,Net Banking,213343.3
ORD0102,Customer 102,2025-09-08,South,Clothing,T-Shirt,4,5844.57,Cash,23378.28
ORD0103,Customer 103,2025-04-24,West,Grocery,Oil,1,324.51,Credit Card,324.51
ORD0104,Customer 104,2025-09-29,East,Furniture,Bookshelf,6,14724.55,Cash,88347.3
ORD0105,Customer 105,2025-05-19,East,Books,Comics,6,1786.85,Debit Card,10721.1
ORD0106,Customer 106,2025-10-02,South,Clothing,T-Shirt,4,2729.72,Credit Card,10918.88
ORD0107,Customer 107,2025-09-26,East,Clothing,Shoes,5,5879.3,UPI,29396.5
ORD0108,Customer 108,2025-06-04,North,Clothing,Jacket,4,3078.78,Net Banking,12315.12
ORD0109,Customer 109,2025-10-11,East,Clothing,Jacket,1,7802.07,Credit Card,7802.07
ORD0110,Customer 110,2025-08-29,West,Grocery,Rice,1,1743.49,Cash,1743.49
ORD0111,Customer 111,2025-09-02,North,Furniture,Table,1,8321.87,UPI,8321.87
ORD0112,Customer 112,2025-12-18,North,Grocery,Oil,2,1752.21,Credit Card,3504.42
ORD0113,Customer 113,2025-05-08,North,Clothing,Dress,5,955.89,Net Banking,4779.45
ORD0114,Customer 114,2025-04-26,West,Grocery,Cereal,10,2382.69,Cash,23826.9
ORD0115,Customer 115,2025-06-06,North,Grocery,Beverages,10,2970.59,Net Banking,29705.9
ORD0116,Customer 116,2025-02-11,South,Electronics,Smartphone,4,16467.05,Credit Card,65868.2
ORD0117,Customer 117,2025-07-29,West,Clothing,Dress,2,1505.3,Net Banking,3010.6
ORD0118,Customer 118,2025-12-28,East,Grocery,Beverages,1,732.85,Cash,732.85
ORD0119,Customer 119,2025-11-17,South,Electronics,Smartphone,5,47439.42,Cash,237197.1
ORD0120,Customer 120,2025-05-17,South,Electronics,Monitor,4,39139.98,UPI,156559.92
ORD0121,Customer 121,2025-10-19,East,Electronics,Smartphone,5,36026.61,Cash,180133.05
ORD0122,Customer 122,2025-05-20,West,Electronics,Headphones,5,42224.23,Cash,211121.15
ORD0123,Customer 123,2025-06-15,East,Electronics,Monitor,1,53453.84,UPI,53453.84
ORD0124,Customer 124,2025-01-11,East,Electronics,Smartphone,10,35557.68,Net Banking,355576.8
ORD0125,Customer 125,2025-08-15,East,Electronics,Smartphone,8,31522.66,Credit Card,252181.28
ORD0126,Customer 126,2025-08-29,East,Books,Magazine,8,2425.73,Cash,19405.84
ORD0127,Customer 127,2025-06-18,West,Furniture,Sofa,2,25874.26,Cash,51748.52
ORD0128,Customer 128,2025-02-15,East,Furniture,Desk,9,2064.22,Debit Card,18577.98
ORD0129,Customer 129,2025-01-01,West,Furniture,Chair,7,26082.41,Cash,182576.87
ORD0130,Customer 130,2025-09-13,West,Electronics,Smartphone,9,22217.34,UPI,199956.06
ORD0131,Customer 131,2025-05-28,West,Clothing,Jacket,9,1308.8,Cash,11779.2
ORD0132,Customer 132,2025-12-30,South,Electronics,Laptop,10,48119.37,Debit Card,481193.7
ORD0133,Customer 133,2025-04-26,North,Books,Novel,9,1079.18,Cash,9712.62
ORD0134,Customer 134,2025-05-30,East,Electronics,Smartphone,8,56013.06,Cash,448104.48
ORD0135,Customer 135,2025-03-16,West,Grocery,Oil,4,1397.52,Credit Card,5590.08
ORD0136,Customer 136,2025-05-22,West,Books,Notebook,3,2173.66,Debit Card,6520.98
ORD0137,Customer 137,2025-06-02,West,Books,Comics,1,778.81,Credit Card,778.81
ORD0138,Customer 138,2025-10-10,West,Grocery,Cereal,8,1068.12,Cash,8544.96
ORD0139,Customer 139,2025-04-30,West,Furniture,Table,4,17582.13,UPI,70328.52
ORD0140,Customer 140,2025-12-06,South,Furniture,Desk,7,12196.28,Cash,85373.96
ORD0141,Customer 141,2025-06-19,North,Electronics,Smartphone,9,57948.93,Cash,521540.37
ORD0142,Customer 142,2025-03-15,West,Electronics,Monitor,8,1708.58,Credit Card,13668.64
ORD0143,Customer 143,2025-12-21,West,Electronics,Headphones,5,20842.83,UPI,104214.15
ORD0144,Customer 144,2025-11-17,West,Furniture,Bookshelf,7,28670.05,Net Banking,200690.35
ORD0145,Customer 145,2025-12-17,East,Electronics,Monitor,2,14698.4,Credit Card,29396.8
ORD0146,Customer 146,2025-12-27,North,Electronics,Headphones,2,45813.89,Cash,91627.78
ORD0147,Customer 147,2025-01-29,East,Clothing,Jacket,1,654.13,Debit Card,654.13
ORD0148,Customer 148,2025-07-30,South,Furniture,Desk,3,8081.73,Credit Card,24245.19
ORD0149,Customer 149,2025-11-14,South,Clothing,T-Shirt,10,7005.46,Cash,70054.6
ORD0150,Customer 150,2025-05-11,West,Books,Textbook,4,1206.76,Debit Card,4827.04
ORD0151,Customer 151,2025-03-22,North,Electronics,Headphones,5,40914.56,Cash,204572.8
ORD0152,Customer 152,2025-08-06,East,Furniture,Bookshelf,5,19529.22,Cash,97646.1
ORD0153,Customer 153,2025-02-24,South,Furniture,Table,7,25746.73,Cash,180227.11
ORD0154,Customer 154,2025-12-25,East,Books,Comics,10,810.09,UPI,8100.9
ORD0155,Customer 155,2025-12-18,North,Grocery,Beverages,1,1719.49,Net Banking,1719.49
ORD0156,Customer 156,2025-06-30,South,Grocery,Beverages,4,1840.84,Credit Card,7363.36
ORD0157,Customer 157,2025-11-18,North,Books,Comics,3,1607.8,Debit Card,4823.4
ORD0158,Customer 158,2025-03-09,North,Grocery,Rice,10,1126.34,Debit Card,11263.4
ORD0159,Customer 159,2025-10-04,East,Furniture,Desk,3,6823.05,Net Banking,20469.15
ORD0160,Customer 160,2025-09-04,East,Books,Comics,3,716.73,Debit Card,2150.19
ORD0161,Customer 161,2025-04-26,West,Electronics,Headphones,2,9132.82,Net Banking,18265.64
ORD0162,Customer 162,2025-10-02,North,Furniture,Chair,7,1403.64,Cash,9825.48
ORD0163,Customer 163,2025-11-23,East,Furniture,Sofa,10,12049.74,UPI,120497.4
ORD0164,Customer 164,2025-10-15,East,Clothing,Shoes,1,5070.51,Net Banking,5070.51
ORD0165,Customer 165,2025-06-04,West,Clothing,T-Shirt,8,7302.28,UPI,58418.24
ORD0166,Customer 166,2025-09-10,North,Clothing,T-Shirt,1,2643.61,UPI,2643.61
ORD0167,Customer 167,2025-07-09,West,Clothing,Dress,3,3292.57,Net Banking,9877.71
ORD0168,Customer 168,2025-11-12,West,Clothing,Shoes,2,6719.44,Debit Card,13438.88
ORD0169,Customer 169,2025-05-01,East,Electronics,Keyboard,4,27048.28,UPI,108193.12
ORD0170,Customer 170,2025-05-22,South,Furniture,Bookshelf,6,2755.95,UPI,16535.7
ORD0171,Customer 171,2025-11-02,North,Grocery,Rice,4,1943.03,UPI,7772.12
ORD0172,Customer 172,2025-04-16,North,Furniture,Table,3,23822.36,Net Banking,71467.08
ORD0173,Customer 173,2025-04-30,East,Clothing,Dress,4,6560.51,Credit Card,26242.04
ORD0174,Customer 174,2025-03-16,South,Books,Novel,5,2160.17,Net Banking,10800.85
ORD0175,Customer 175,2025-01-14,South,Furniture,Table,2,20170.67,UPI,40341.34
ORD0176,Customer 176,2025-03-31,East,Furniture,Table,10,10389.37,UPI,103893.7
ORD0177,Customer 177,2025-02-02,West,Clothing,Shoes,9,1175.1,Cash,10575.9
ORD0178,Customer 178,2025-09-15,South,Furniture,Bookshelf,10,4162.57,Net Banking,41625.7
ORD0179,Customer 179,2025-01-16,North,Electronics,Monitor,5,27916.12,Cash,139580.6
ORD0180,Customer 180,2025-08-16,North,Grocery,Oil,2,1496.29,UPI,2992.58
ORD0181,Customer 181,2025-05-21,East,Furniture,Bookshelf,3,2904.78,Cash,8714.34
ORD0182,Customer 182,2025-11-06,West,Books,Notebook,5,1188.92,UPI,5944.6
ORD0183,Customer 183,2025-04-27,West,Electronics,Monitor,4,26260.14,Debit Card,105040.56
ORD0184,Customer 184,2025-06-10,West,Grocery,Oil,7,2202.36,Debit Card,15416.52
ORD0185,Customer 185,2025-08-31,North,Furniture,Sofa,3,20917.81,UPI,62753.43
ORD0186,Customer 186,2025-07-10,South,Electronics,Laptop,7,6516.61,Net Banking,45616.27
ORD0187,Customer 187,2025-12-10,North,Electronics,Monitor,9,34051.66,Cash,306464.94
ORD0188,Customer 188,2025-11-04,East,Furniture,Desk,1,29083.56,Debit Card,29083.56
ORD0189,Customer 189,2025-12-03,West,Electronics,Monitor,9,13394.14,Credit Card,120547.26
ORD0190,Customer 190,2025-05-23,South,Electronics,Keyboard,9,22559.61,Cash,203036.49
ORD0191,Customer 191,2025-10-13,North,Books,Notebook,10,1719.94,Net Banking,17199.4
ORD0192,Customer 192,2025-06-08,East,Furniture,Chair,3,8924.84,Debit Card,26774.52
ORD0193,Customer 193,2025-07-25,North,Electronics,Smartphone,3,34326.21,Credit Card,102978.63
ORD0194,Customer 194,2025-08-03,West,Electronics,Laptop,9,13535.87,Debit Card,121822.83
ORD0195,Customer 195,2025-10-18,North,Clothing,Jacket,5,5856.29,UPI,29281.45
ORD0196,Customer 196,2025-02-11,East,Clothing,Jeans,10,683.17,Cash,6831.7
ORD0197,Customer 197,2025-05-20,South,Grocery,Oil,10,1354.03,Net Banking,13540.3
ORD0198,Customer 198,2025-12-14,West,Electronics,Keyboard,7,7364.67,Net Banking,51552.69
ORD0199,Customer 199,2025-11-03,North,Furniture,Chair,4,12462.64,UPI,49850.56
ORD0200,Customer 200,2025-05-11,East,Clothing,Jacket,4,6208.59,Debit Card,24834.36
ORD0201,Customer 201,2025-03-31,South,Electronics,Laptop,8,45023.24,Cash,360185.92
ORD0202,Customer 202,2025-12-09,East,Books,Textbook,9,1440.94,UPI,12968.46
ORD0203,Customer 203,2025-02-09,East,Grocery,Rice,7,105.29,Net Banking,737.03
ORD0204,Customer 204,2025-08-02,East,Grocery,Cereal,7,2143.02,UPI,15001.14
ORD0205,Customer 205,2025-11-13,West,Grocery,Rice,6,557.03,Debit Card,3342.18
ORD0206,Customer 206,2025-10-29,West,Electronics,Headphones,2,15204.34,Net Banking,30408.68
ORD0207,Customer 207,2025-04-24,East,Electronics,Headphones,5,44951.65,Credit Card,224758.25
ORD0208,Customer 208,2025-04-10,East,Electronics,Monitor,2,32211.81,Debit Card,64423.62
ORD0209,Customer 209,2025-04-12,South,Clothing,Jeans,2,1427.62,Net Banking,2855.24
ORD0210,Customer 210,2025-11-18,West,Clothing,T-Shirt,3,7624.95,Cash,22874.85
ORD0211,Customer 211,2025-10-17,East,Books,Notebook,8,1734.72,Debit Card,13877.76
ORD0212,Customer 212,2025-11-20,East,Clothing,Shoes,2,3910.69,Debit Card,7821.38
ORD0213,Customer 213,2025-06-08,West,Books,Novel,6,1317.61,Cash,7905.66
ORD0214,Customer 214,2025-02-09,North,Electronics,Laptop,6,50036.44,Net Banking,300218.64
ORD0215,Customer 215,2025-10-11,North,Books,Notebook,7,1210.51,Cash,8473.57
ORD0216,Customer 216,2025-09-14,South,Books,Textbook,6,1552.01,UPI,9312.06
ORD0217,Customer 217,2025-02-13,South,Grocery,Rice,6,2948.04,UPI,17688.24
ORD0218,Customer 218,2025-11-09,South,Clothing,Shoes,8,4335.33,Debit Card,34682.64
ORD0219,Customer 219,2025-06-23,North,Furniture,Sofa,7,12854.31,Debit Card,89980.17
ORD0220,Customer 220,2025-07-17,East,Electronics,Keyboard,2,33831.42,Debit Card,67662.84
ORD0221,Customer 221,2025-12-06,South,Books,Textbook,6,295.6,Debit Card,1773.6
ORD0222,Customer 222,2025-02-13,East,Furniture,Desk,3,18256.2,Net Banking,54768.6
ORD0223,Customer 223,2025-12-17,North,Grocery,Beverages,3,2026.84,Cash,6080.52
ORD0224,Customer 224,2025-04-03,South,Books,Comics,1,970.23,Debit Card,970.23
ORD0225,Customer 225,2025-03-21,North,Grocery,Snacks,4,2999.93,Debit Card,11999.72
ORD0226,Customer 226,2025-09-27,North,Electronics,Monitor,9,50239.09,Debit Card,452151.81
ORD0227,Customer 227,2025-03-25,South,Books,Textbook,10,1004.13,Net Banking,10041.3
ORD0228,Customer 228,2025-12-13,South,Clothing,Shoes,1,3463.61,Cash,3463.61
ORD0229,Customer 229,2025-05-03,East,Books,Comics,8,661.61,Cash,5292.88
ORD0230,Customer 230,2025-08-25,East,Clothing,Jacket,10,7880.19,Cash,78801.9
ORD0231,Customer 231,2025-04-13,South,Books,Notebook,7,2419.04,Debit Card,16933.28
ORD0232,Customer 232,2025-02-22,North,Electronics,Headphones,6,33628.81,Debit Card,201772.86
ORD0233,Customer 233,2025-09-20,South,Electronics,Smartphone,5,27399.7,Cash,136998.5
ORD0234,Customer 234,2025-01-14,West,Electronics,Smartphone,8,53170.08,UPI,425360.64
ORD0235,Customer 235,2025-02-11,East,Grocery,Cereal,6,745.55,Credit Card,4473.3
ORD0236,Customer 236,2025-11-29,East,Electronics,Keyboard,2,50479.24,Credit Card,100958.48
ORD0237,Customer 237,2025-08-30,South,Clothing,T-Shirt,5,7363.95,Cash,36819.75
ORD0238,Customer 238,2025-01-10,East,Grocery,Cereal,1,2722.28,Credit Card,2722.28
ORD0239,Customer 239,2025-02-26,East,Clothing,Dress,10,4363.84,Credit Card,43638.4
ORD0240,Customer 240,2025-11-24,West,Furniture,Chair,1,7914.75,UPI,7914.75
ORD0241,Customer 241,2025-11-20,South,Electronics,Headphones,10,32534.38,Credit Card,325343.8
ORD0242,Customer 242,2025-05-04,West,Furniture,Desk,1,18829.48,Credit Card,18829.48
ORD0243,Customer 243,2025-09-27,North,Electronics,Monitor,6,4806.62,Cash,28839.72
ORD0244,Customer 244,2025-05-10,North,Grocery,Rice,7,2944.07,Debit Card,20608.49
ORD0245,Customer 245,2025-11-18,North,Electronics,Keyboard,4,44190.11,Net Banking,176760.44
ORD0246,Customer 246,2025-06-23,South,Furniture,Table,1,11216.67,Cash,11216.67
ORD0247,Customer 247,2025-08-23,North,Grocery,Snacks,3,236.15,Debit Card,708.45
ORD0248,Customer 248,2025-06-11,East,Clothing,T-Shirt,4,7120.59,Net Banking,28482.36
ORD0249,Customer 249,2025-11-28,South,Grocery,Cereal,8,797.28,Debit Card,6378.24
ORD0250,Customer 250,2025-07-08,West,Furniture,Chair,6,8923.28,Cash,53539.68
ORD0251,Customer 251,2025-09-12,West,Grocery,Oil,6,2922.48,Debit Card,17534.88
ORD0252,Customer 252,2025-02-10,West,Books,Comics,2,1845.0,Net Banking,3690.0
ORD0253,Customer 253,2025-02-10,East,Clothing,Dress,5,2773.33,Debit Card,13866.65
ORD0254,Customer 254,2025-03-27,West,Furniture,Desk,10,21812.22,Debit Card,218122.2
ORD0255,Customer 255,2025-08-11,East,Grocery,Rice,6,1863.81,UPI,11182.86
ORD0256,Customer 256,2025-12-14,South,Electronics,Headphones,6,31174.69,UPI,187048.14
ORD0257,Customer 257,2025-02-04,South,Clothing,Dress,8,567.95,Debit Card,4543.6
ORD0258,Customer 258,2025-03-20,West,Furniture,Desk,10,1939.17,Debit Card,19391.7
ORD0259,Customer 259,2025-09-29,East,Furniture,Desk,2,17643.73,Cash,35287.46
ORD0260,Customer 260,2025-01-14,South,Furniture,Sofa,4,28855.08,Cash,115420.32
ORD0261,Customer 261,2025-05-14,West,Books,Magazine,9,382.63,Credit Card,3443.67
ORD0262,Customer 262,2025-03-11,North,Books,Comics,8,580.43,Cash,4643.44
ORD0263,Customer 263,2025-06-13,East,Clothing,Shoes,2,6540.95,UPI,13081.9
ORD0264,Customer 264,2025-03-22,South,Books,Notebook,5,2239.2,Debit Card,11196.0
ORD0265,Customer 265,2025-03-13,South,Books,Textbook,2,2464.32,Cash,4928.64
ORD0266,Customer 266,2025-08-28,South,Electronics,Keyboard,9,34678.82,Net Banking,312109.38
ORD0267,Customer 267,2025-09-03,West,Electronics,Laptop,5,24371.07,Cash,121855.35
ORD0268,Customer 268,2025-11-25,North,Books,Novel,3,2433.71,Cash,7301.13
ORD0269,Customer 269,2025-10-10,South,Grocery,Cereal,6,428.59,Credit Card,2571.54
ORD0270,Customer 270,2025-09-23,South,Grocery,Cereal,1,2502.6,Debit Card,2502.6
ORD0271,Customer 271,2025-04-26,East,Clothing,Jeans,6,7497.48,Net Banking,44984.88
ORD0272,Customer 272,2025-10-10,East,Furniture,Chair,5,6692.76,Credit Card,33463.8
ORD0273,Customer 273,2025-11-25,South,Furniture,Bookshelf,9,3709.42,Net Banking,33384.78
ORD0274,Customer 274,2025-11-06,East,Books,Textbook,3,1680.96,Net Banking,5042.88
ORD0275,Customer 275,2025-11-25,East,Electronics,Laptop,2,3491.34,Credit Card,6982.68
ORD0276,Customer 276,2025-09-12,East,Books,Magazine,10,1633.58,Debit Card,16335.8
ORD0277,Customer 277,2025-02-07,North,Grocery,Snacks,7,927.43,Credit Card,6492.01
ORD0278,Customer 278,2025-06-24,South,Grocery,Oil,8,1420.1,Debit Card,11360.8
ORD0279,Customer 279,2025-07-09,North,Furniture,Sofa,7,4792.22,Debit Card,33545.54
ORD0280,Customer 280,2025-05-07,South,Clothing,Shoes,2,2359.53,UPI,4719.06
ORD0281,Customer 281,2025-08-03,South,Electronics,Keyboard,7,51958.5,Credit Card,363709.5
ORD0282,Customer 282,2025-03-23,West,Furniture,Bookshelf,6,6505.19,Net Banking,39031.14
ORD0283,Customer 283,2025-02-16,West,Grocery,Oil,5,1517.24,Net Banking,7586.2
ORD0284,Customer 284,2025-01-25,North,Grocery,Snacks,4,1770.87,Debit Card,7083.48
ORD0285,Customer 285,2025-01-05,North,Grocery,Cereal,8,892.96,Cash,7143.68
ORD0286,Customer 286,2025-07-07,North,Clothing,Jacket,6,6181.7,Cash,37090.2
ORD0287,Customer 287,2025-10-11,East,Electronics,Monitor,9,12323.59,UPI,110912.31
ORD0288,Customer 288,2025-05-24,North,Grocery,Cereal,8,2304.99,Credit Card,18439.92
ORD0289,Customer 289,2025-06-23,East,Electronics,Headphones,6,47857.92,Credit Card,287147.52
ORD0290,Customer 290,2025-01-21,North,Clothing,Dress,9,3390.68,UPI,30516.12
ORD0291,Customer 291,2025-03-18,South,Clothing,Jacket,8,4298.86,Debit Card,34390.88
ORD0292,Customer 292,2025-11-12,East,Books,Comics,3,1043.09,Net Banking,3129.27
ORD0293,Customer 293,2025-12-29,East,Furniture,Bookshelf,9,16437.86,Cash,147940.74
ORD0294,Customer 294,2025-08-02,East,Electronics,Keyboard,6,40689.34,UPI,244136.04
ORD0295,Customer 295,2025-10-24,South,Books,Magazine,5,2420.97,UPI,12104.85
ORD0296,Customer 296,2025-11-14,West,Books,Magazine,3,1358.16,Credit Card,4074.48
ORD0297,Customer 297,2025-02-26,South,Clothing,T-Shirt,10,7601.18,UPI,76011.8
ORD0298,Customer 298,2025-12-20,South,Grocery,Beverages,7,496.72,Cash,3477.04
ORD0299,Customer 299,2025-02-01,South,Books,Notebook,8,2194.76,Net Banking,17558.08
ORD0300,Customer 300,2025-09-02,West,Clothing,Dress,6,7985.55,Debit Card,47913.3
ORD0301,Customer 301,2025-07-01,East,Clothing,Shoes,9,2935.92,Net Banking,26423.28
ORD0302,Customer 302,2025-06-02,South,Grocery,Snacks,4,873.07,Debit Card,3492.28
ORD0303,Customer 303,2025-06-28,East,Furniture,Table,8,10194.18,Debit Card,81553.44
ORD0304,Customer 304,2025-07-22,East,Electronics,Monitor,9,23277.9,Credit Card,209501.1
ORD0305,Customer 305,2025-02-10,East,Furniture,Chair,5,28704.1,Cash,143520.5
ORD0306,Customer 306,2025-10-03,East,Furniture,Desk,4,6859.97,Net Banking,27439.88
ORD0307,Customer 307,2025-10-28,South,Furniture,Table,2,18854.63,Credit Card,37709.26
ORD0308,Customer 308,2025-01-27,North,Electronics,Monitor,4,38566.32,Cash,154265.28
ORD0309,Customer 309,2025-03-12,North,Furniture,Desk,2,20754.57,Net Banking,41509.14
ORD0310,Customer 310,2025-04-13,East,Clothing,Shoes,8,3976.35,Debit Card,31810.8
ORD0311,Customer 311,2025-04-29,North,Furniture,Chair,2,19916.66,Credit Card,39833.32
ORD0312,Customer 312,2025-07-23,West,Grocery,Snacks,1,2991.66,Credit Card,2991.66
ORD0313,Customer 313,2025-11-05,North,Furniture,Chair,1,9653.37,Debit Card,9653.37
ORD0314,Customer 314,2025-03-10,West,Furniture,Desk,9,16205.24,Debit Card,145847.16
ORD0315,Customer 315,2025-08-23,East,Clothing,T-Shirt,6,1551.21,Credit Card,9307.26
ORD0316,Customer 316,2025-04-09,South,Electronics,Keyboard,5,34412.65,Net Banking,172063.25
ORD0317,Customer 317,2025-07-25,North,Grocery,Oil,9,1017.38,Credit Card,9156.42
ORD0318,Customer 318,2025-01-04,East,Clothing,Shoes,6,7505.86,Cash,45035.16
ORD0319,Customer 319,2025-06-04,North,Clothing,Shoes,5,7646.07,Debit Card,38230.35
ORD0320,Customer 320,2025-08-27,East,Furniture,Table,1,20365.8,Credit Card,20365.8
ORD0321,Customer 321,2025-11-24,East,Grocery,Cereal,5,2086.36,Debit Card,10431.8
ORD0322,Customer 322,2025-09-02,South,Books,Textbook,4,2397.67,Cash,9590.68
ORD0323,Customer 323,2025-08-30,South,Books,Comics,7,1784.66,Credit Card,12492.62
ORD0324,Customer 324,2025-12-27,East,Books,Novel,9,1172.2,UPI,10549.8
ORD0325,Customer 325,2025-09-16,South,Books,Novel,1,2089.06,Net Banking,2089.06
ORD0326,Customer 326,2025-09-24,West,Books,Textbook,3,887.48,UPI,2662.44
ORD0327,Customer 327,2025-09-19,West,Clothing,Dress,8,1000.25,UPI,8002.0
ORD0328,Customer 328,2025-10-16,North,Grocery,Snacks,9,1275.5,Net Banking,11479.5
ORD0329,Customer 329,2025-01-02,South,Grocery,Beverages,1,1218.05,Net Banking,1218.05
ORD0330,Customer 330,2025-02-02,North,Electronics,Laptop,7,21196.11,UPI,148372.77
ORD0331,Customer 331,2025-03-11,West,Grocery,Rice,5,1256.16,Debit Card,6280.8
ORD0332,Customer 332,2025-12-16,South,Grocery,Oil,7,1158.15,Debit Card,8107.05
ORD0333,Customer 333,2025-03-07,South,Electronics,Smartphone,9,24069.07,UPI,216621.63
ORD0334,Customer 334,2025-10-06,West,Electronics,Keyboard,8,40671.19,Net Banking,325369.52
ORD0335,Customer 335,2025-03-21,East,Grocery,Snacks,4,1408.84,Credit Card,5635.36
ORD0336,Customer 336,2025-01-09,South,Electronics,Laptop,7,37203.45,Credit Card,260424.15
ORD0337,Customer 337,2025-11-03,North,Electronics,Laptop,10,2787.72,Credit Card,27877.2
ORD0338,Customer 338,2025-04-22,North,Electronics,Headphones,8,14672.89,Credit Card,117383.12
ORD0339,Customer 339,2025-10-22,East,Books,Comics,4,2057.89,Net Banking,8231.56
ORD0340,Customer 340,2025-03-15,South,Books,Comics,4,824.23,Cash,3296.92
ORD0341,Customer 341,2025-10-30,South,Furniture,Sofa,1,17144.83,Cash,17144.83
ORD0342,Customer 342,2025-11-26,West,Books,Magazine,1,2433.5,Net Banking,2433.5
ORD0343,Customer 343,2025-07-12,South,Furniture,Desk,7,5327.31,Net Banking,37291.17
ORD0344,Customer 344,2025-12-29,South,Grocery,Snacks,4,937.17,Cash,3748.68
ORD0345,Customer 345,2025-10-13,South,Electronics,Monitor,7,58092.94,Cash,406650.58
ORD0346,Customer 346,2025-02-10,West,Clothing,Jacket,4,2843.03,Debit Card,11372.12
ORD0347,Customer 347,2025-07-13,North,Electronics,Monitor,4,3850.97,UPI,15403.88
ORD0348,Customer 348,2025-04-17,East,Clothing,Dress,9,1971.03,Debit Card,17739.27
ORD0349,Customer 349,2025-03-02,West,Electronics,Smartphone,4,57754.99,Credit Card,231019.96
ORD0350,Customer 350,2025-10-10,East,Books,Textbook,7,2296.3,Debit Card,16074.1
ORD0351,Customer 351,2025-06-07,East,Grocery,Oil,9,1963.73,Debit Card,17673.57
ORD0352,Customer 352,2025-08-29,East,Books,Magazine,8,336.66,Credit Card,2693.28
ORD0353,Customer 353,2025-04-24,South,Furniture,Sofa,7,2325.75,UPI,16280.25
ORD0354,Customer 354,2025-08-02,East,Furniture,Bookshelf,10,17795.14,Credit Card,177951.4
ORD0355,Customer 355,2025-05-06,West,Clothing,Jacket,4,3224.77,Net Banking,12899.08
ORD0356,Customer 356,2025-11-25,West,Furniture,Sofa,8,29028.74,Cash,232229.92
ORD0357,Customer 357,2025-10-07,West,Clothing,Jacket,3,1377.68,Credit Card,4133.04
ORD0358,Customer 358,2025-02-08,North,Books,Novel,9,181.18,UPI,1630.62
ORD0359,Customer 359,2025-03-19,North,Grocery,Snacks,4,250.51,Credit Card,1002.04
ORD0360,Customer 360,2025-11-23,West,Books,Magazine,6,245.08,Cash,1470.48
ORD0361,Customer 361,2025-01-07,North,Electronics,Laptop,9,33457.3,Net Banking,301115.7
ORD0362,Customer 362,2025-12-24,West,Furniture,Bookshelf,5,1497.14,Credit Card,7485.7
ORD0363,Customer 363,2025-04-09,East,Electronics,Laptop,9,9614.73,Debit Card,86532.57
ORD0364,Customer 364,2025-07-27,West,Furniture,Desk,2,11818.5,Net Banking,23637.0
ORD0365,Customer 365,2025-02-11,North,Clothing,Jeans,5,5567.12,UPI,27835.6
ORD0366,Customer 366,2025-01-29,North,Grocery,Oil,7,1680.47,Credit Card,11763.29
ORD0367,Customer 367,2025-06-19,North,Electronics,Headphones,7,38978.51,Net Banking,272849.57
ORD0368,Customer 368,2025-12-21,West,Electronics,Smartphone,4,54155.36,Debit Card,216621.44
ORD0369,Customer 369,2025-10-16,North,Electronics,Laptop,5,54039.25,Credit Card,270196.25
ORD0370,Customer 370,2025-12-31,West,Furniture,Chair,4,18024.05,UPI,72096.2
ORD0371,Customer 371,2025-07-19,East,Furniture,Table,10,7973.69,Cash,79736.9
ORD0372,Customer 372,2025-06-27,North,Clothing,T-Shirt,9,6040.02,UPI,54360.18
ORD0373,Customer 373,2025-11-11,West,Grocery,Snacks,2,1054.75,Debit Card,2109.5
ORD0374,Customer 374,2025-07-02,West,Electronics,Keyboard,8,29843.72,Cash,238749.76
ORD0375,Customer 375,2025-11-13,East,Clothing,Dress,7,959.84,Credit Card,6718.88
ORD0376,Customer 376,2025-12-31,South,Electronics,Laptop,5,9929.88,Cash,49649.4
ORD0377,Customer 377,2025-06-07,West,Furniture,Sofa,2,3654.09,Debit Card,7308.18
ORD0378,Customer 378,2025-08-09,West,Furniture,Chair,3,3531.62,Net Banking,10594.86
ORD0379,Customer 379,2025-02-15,East,Books,Notebook,7,347.9,Net Banking,2435.3
ORD0380,Customer 380,2025-07-17,North,Electronics,Monitor,10,47238.77,Debit Card,472387.7
ORD0381,Customer 381,2025-10-14,South,Grocery,Oil,2,2188.29,Net Banking,4376.58
ORD0382,Customer 382,2025-05-18,East,Books,Textbook,7,506.8,Debit Card,3547.6
ORD0383,Customer 383,2025-05-22,West,Grocery,Snacks,2,543.26,Debit Card,1086.52
ORD0384,Customer 384,2025-05-07,West,Grocery,Rice,6,792.51,Net Banking,4755.06
ORD0385,Customer 385,2025-06-05,North,Books,Textbook,8,356.73,Cash,2853.84
ORD0386,Customer 386,2025-06-18,West,Furniture,Bookshelf,7,24318.22,Debit Card,170227.54
ORD0387,Customer 387,2025-11-05,South,Grocery,Cereal,3,936.28,Cash,2808.84
ORD0388,Customer 388,2025-05-30,West,Furniture,Table,7,29093.03,Net Banking,203651.21
ORD0389,Customer 389,2025-07-21,East,Clothing,Jacket,7,2458.31,UPI,17208.17
ORD0390,Customer 390,2025-04-03,North,Books,Textbook,10,2493.44,Cash,24934.4
ORD0391,Customer 391,2025-02-05,West,Clothing,Shoes,5,6700.87,Cash,33504.35
ORD0392,Customer 392,2025-03-20,West,Clothing,Jacket,4,2245.65,Cash,8982.6
ORD0393,Customer 393,2025-07-25,West,Electronics,Headphones,10,29170.69,Net Banking,291706.9
ORD0394,Customer 394,2025-02-13,North,Electronics,Keyboard,9,35954.14,Credit Card,323587.26
ORD0395,Customer 395,2025-11-27,West,Furniture,Table,10,2284.6,Debit Card,22846.0
ORD0396,Customer 396,2025-04-24,South,Grocery,Rice,1,340.89,Cash,340.89
ORD0397,Customer 397,2025-10-29,South,Furniture,Desk,8,23397.92,Debit Card,187183.36
ORD0398,Customer 398,2025-02-13,North,Electronics,Headphones,2,18289.59,Credit Card,36579.18
ORD0399,Customer 399,2025-04-16,West,Furniture,Sofa,6,14204.65,Debit Card,85227.9
ORD0400,Customer 400,2025-08-20,East,Grocery,Rice,8,2179.88,UPI,17439.04
ORD0401,Customer 401,2025-06-25,North,Furniture,Chair,2,1654.97,Credit Card,3309.94
ORD0402,Customer 402,2025-06-19,West,Clothing,Dress,3,4549.71,Cash,13649.13
ORD0403,Customer 403,2025-12-03,West,Clothing,Shoes,3,1735.18,Cash,5205.54
ORD0404,Customer 404,2025-08-08,West,Electronics,Monitor,4,27414.84,UPI,109659.36
ORD0405,Customer 405,2025-02-02,North,Clothing,Jeans,5,6092.91,Net Banking,30464.55
ORD0406,Customer 406,2025-02-28,East,Clothing,Jacket,6,1817.47,Cash,10904.82
ORD0407,Customer 407,2025-07-20,North,Books,Comics,10,1032.73,Debit Card,10327.3
ORD0408,Customer 408,2025-12-11,East,Furniture,Desk,10,6003.3,Net Banking,60033.0
ORD0409,Customer 409,2025-05-03,East,Books,Novel,3,851.65,UPI,2554.95
ORD0410,Customer 410,2025-08-03,South,Clothing,Jacket,3,4233.35,Net Banking,12700.05
ORD0411,Customer 411,2025-10-03,South,Grocery,Oil,3,1485.68,Net Banking,4457.04
ORD0412,Customer 412,2025-06-11,West,Clothing,Shoes,5,1380.28,Net Banking,6901.4
ORD0413,Customer 413,2025-04-10,West,Electronics,Keyboard,1,29488.85,Net Banking,29488.85
ORD0414,Customer 414,2025-08-01,West,Books,Magazine,7,1743.27,Cash,12202.89
ORD0415,Customer 415,2025-04-23,East,Clothing,T-Shirt,10,537.63,UPI,5376.3
ORD0416,Customer 416,2025-08-23,West,Furniture,Table,9,9371.44,Net Banking,84342.96
ORD0417,Customer 417,2025-10-06,East,Books,Novel,10,374.1,Net Banking,3741.0
ORD0418,Customer 418,2025-08-06,North,Electronics,Headphones,9,13737.68,Credit Card,123639.12
ORD0419,Customer 419,2025-02-14,West,Furniture,Chair,8,8621.64,UPI,68973.12
ORD0420,Customer 420,2025-12-30,West,Clothing,Jeans,10,5606.33,Credit Card,56063.3
ORD0421,Customer 421,2025-01-31,East,Books,Textbook,4,2052.47,Net Banking,8209.88
ORD0422,Customer 422,2025-12-27,East,Furniture,Bookshelf,9,5882.94,Debit Card,52946.46
ORD0423,Customer 423,2025-12-14,North,Books,Comics,9,2465.17,Credit Card,22186.53
ORD0424,Customer 424,2025-03-06,South,Grocery,Rice,5,2607.79,Credit Card,13038.95
ORD0425,Customer 425,2025-12-13,West,Clothing,Jacket,4,6163.35,Cash,24653.4
ORD0426,Customer 426,2025-07-12,West,Clothing,Dress,5,5134.16,UPI,25670.8
ORD0427,Customer 427,2025-12-22,East,Electronics,Headphones,9,45188.3,Cash,406694.7
ORD0428,Customer 428,2025-02-17,West,Grocery,Beverages,10,57.3,Debit Card,573.0
ORD0429,Customer 429,2025-08-08,South,Electronics,Monitor,7,13695.53,Cash,95868.71
ORD0430,Customer 430,2025-10-23,South,Furniture,Sofa,5,10794.9,Net Banking,53974.5
ORD0431,Customer 431,2025-11-17,West,Grocery,Beverages,1,185.53,UPI,185.53
ORD0432,Customer 432,2025-08-08,South,Electronics,Smartphone,8,27825.87,Credit Card,222606.96
ORD0433,Customer 433,2025-07-04,East,Furniture,Table,5,3706.86,UPI,18534.3
ORD0434,Customer 434,2025-06-06,South,Furniture,Table,1,12493.91,Cash,12493.91
ORD0435,Customer 435,2025-02-09,South,Electronics,Laptop,1,13434.53,Net Banking,13434.53
ORD0436,Customer 436,2025-12-23,East,Clothing,Dress,8,371.51,UPI,2972.08
ORD0437,Customer 437,2025-07-16,North,Grocery,Snacks,8,258.94,UPI,2071.52
ORD0438,Customer 438,2025-03-12,West,Electronics,Keyboard,6,52954.55,Credit Card,317727.3
ORD0439,Customer 439,2025-11-09,South,Clothing,T-Shirt,9,4637.34,Cash,41736.06
ORD0440,Customer 440,2025-11-12,West,Furniture,Table,3,27676.93,Credit Card,83030.79
ORD0441,Customer 441,2025-10-29,West,Electronics,Laptop,3,45344.78,Debit Card,136034.34
ORD0442,Customer 442,2025-11-27,North,Grocery,Beverages,3,780.97,Credit Card,2342.91
ORD0443,Customer 443,2025-05-26,North,Books,Notebook,10,1830.83,Debit Card,18308.3
ORD0444,Customer 444,2025-07-20,East,Clothing,Dress,10,4223.32,UPI,42233.2
ORD0445,Customer 445,2025-09-13,North,Clothing,Shoes,7,1168.13,Net Banking,8176.91
ORD0446,Customer 446,2025-10-19,West,Electronics,Keyboard,6,8613.39,Debit Card,51680.34
ORD0447,Customer 447,2025-02-07,North,Books,Textbook,8,2390.69,Net Banking,19125.52
ORD0448,Customer 448,2025-01-31,West,Electronics,Laptop,5,13571.98,Net Banking,67859.9
ORD0449,Customer 449,2025-07-25,North,Furniture,Bookshelf,7,13283.68,Net Banking,92985.76
ORD0450,Customer 450,2025-06-08,North,Books,Notebook,3,765.92,Net Banking,2297.76
ORD0451,Customer 451,2025-10-28,North,Clothing,Jeans,9,2815.98,Debit Card,25343.82
ORD0452,Customer 452,2025-08-11,North,Grocery,Snacks,1,771.22,Cash,771.22
ORD0453,Customer 453,2025-12-03,South,Books,Notebook,1,842.3,UPI,842.3
ORD0454,Customer 454,2025-06-27,East,Electronics,Smartphone,1,10498.89,Credit Card,10498.89
ORD0455,Customer 455,2025-03-02,North,Furniture,Table,5,22255.14,Debit Card,111275.7
ORD0456,Customer 456,2025-12-31,North,Grocery,Beverages,9,238.42,Cash,2145.78
ORD0457,Customer 457,2025-10-18,South,Grocery,Cereal,6,213.55,Debit Card,1281.3
ORD0458,Customer 458,2025-12-12,North,Clothing,Jacket,2,7185.87,Credit Card,14371.74
ORD0459,Customer 459,2025-01-07,South,Books,Novel,1,2160.85,UPI,2160.85
ORD0460,Customer 460,2025-04-02,North,Grocery,Beverages,7,2764.67,Net Banking,19352.69
ORD0461,Customer 461,2025-06-13,East,Grocery,Snacks,6,782.38,UPI,4694.28
ORD0462,Customer 462,2025-01-27,South,Books,Comics,2,1304.9,Credit Card,2609.8
ORD0463,Customer 463,2025-08-27,East,Books,Novel,7,265.42,Debit Card,1857.94
ORD0464,Customer 464,2025-07-08,South,Furniture,Chair,9,14245.64,Debit Card,128210.76
ORD0465,Customer 465,2025-07-08,West,Books,Comics,10,682.2,Credit Card,6822.0
ORD0466,Customer 466,2025-07-29,North,Books,Textbook,3,115.31,Credit Card,345.93
ORD0467,Customer 467,2025-01-01,West,Books,Comics,1,2382.38,Debit Card,2382.38
ORD0468,Customer 468,2025-08-03,West,Electronics,Smartphone,9,59000.45,UPI,531004.05
ORD0469,Customer 469,2025-04-29,West,Clothing,Jacket,2,638.03,Debit Card,1276.06
ORD0470,Customer 470,2025-03-10,West,Grocery,Rice,10,331.95,UPI,3319.5
ORD0471,Customer 471,2025-03-08,South,Books,Notebook,1,1143.96,Debit Card,1143.96
ORD0472,Customer 472,2025-06-17,East,Furniture,Sofa,7,21321.04,Cash,149247.28
ORD0473,Customer 473,2025-03-11,North,Furniture,Table,2,28363.09,Credit Card,56726.18
ORD0474,Customer 474,2025-07-28,North,Electronics,Smartphone,8,28390.46,Net Banking,227123.68
ORD0475,Customer 475,2025-05-16,North,Furniture,Table,8,9940.92,UPI,79527.36
ORD0476,Customer 476,2025-06-17,South,Clothing,Jacket,10,610.54,UPI,6105.4
ORD0477,Customer 477,2025-12-13,East,Clothing,Jacket,7,4253.64,Debit Card,29775.48
ORD0478,Customer 478,2025-10-12,South,Clothing,T-Shirt,7,6880.43,UPI,48163.01
ORD0479,Customer 479,2025-02-01,South,Grocery,Rice,3,408.29,Credit Card,1224.87
ORD0480,Customer 480,2025-11-27,North,Clothing,Shoes,6,5584.4,Net Banking,33506.4
ORD0481,Customer 481,2025-02-03,South,Books,Comics,2,152.32,Cash,304.64
ORD0482,Customer 482,2025-08-25,North,Clothing,T-Shirt,6,1243.46,Credit Card,7460.76
ORD0483,Customer 483,2025-07-15,West,Books,Magazine,7,1290.7,Credit Card,9034.9
ORD0484,Customer 484,2025-08-17,South,Furniture,Table,3,8974.47,UPI,26923.41
ORD0485,Customer 485,2025-06-01,West,Books,Notebook,10,689.88,Cash,6898.8
ORD0486,Customer 486,2025-07-16,South,Books,Magazine,1,310.53,Cash,310.53
ORD0487,Customer 487,2025-10-06,North,Clothing,Dress,4,5156.81,Cash,20627.24
ORD0488,Customer 488,2025-06-26,East,Furniture,Desk,9,23661.62,Cash,212954.58
ORD0489,Customer 489,2025-04-23,North,Furniture,Table,1,10247.45,Debit Card,10247.45
ORD0490,Customer 490,2025-10-27,South,Electronics,Headphones,9,21960.03,Credit Card,197640.27
ORD0491,Customer 491,2025-01-29,South,Electronics,Smartphone,4,16578.4,Net Banking,66313.6
ORD0492,Customer 492,2025-10-31,East,Grocery,Beverages,3,569.5,Debit Card,1708.5
ORD0493,Customer 493,2025-10-16,South,Books,Novel,6,2374.14,Net Banking,14244.84
ORD0494,Customer 494,2025-09-09,North,Clothing,Shoes,9,2679.71,UPI,24117.39
ORD0495,Customer 495,2025-09-27,West,Electronics,Smartphone,10,13753.49,UPI,137534.9
ORD0496,Customer 496,2025-06-24,South,Furniture,Bookshelf,4,24386.92,Debit Card,97547.68
ORD0497,Customer 497,2025-03-14,North,Electronics,Laptop,3,35527.26,Net Banking,106581.78
ORD0498,Customer 498,2025-12-06,West,Furniture,Chair,6,21431.6,Net Banking,128589.6
ORD0499,Customer 499,2025-03-22,West,Electronics,Keyboard,5,19898.11,Cash,99490.55
ORD0500,Customer 500,2025-11-11,East,Furniture,Table,9,21113.25,Credit Card,190019.25
